date,total_news,rumor_news,non_rumor_news
2020-01-01,273,0,273
2020-01-02,344,50,294
2020-01-03,298,14,284
2020-01-04,304,0,304
2020-01-05,310,0,310
2020-01-06,457,83,374
2020-01-07,385,0,385
2020-01-08,387,0,387
2020-01-09,434,63,371
2020-01-10,329,0,329
2020-01-11,397,0,397
2020-01-12,347,0,347
2020-01-13,436,75,361
2020-01-14,412,0,412
2020-01-15,359,0,359
2020-01-16,362,0,362
2020-01-17,401,110,291
2020-01-18,470,109,361
2020-01-19,346,50,296
2020-01-20,388,19,369
2020-01-21,350,37,313
2020-01-22,298,75,223
2020-01-23,290,0,290
2020-01-24,346,59,287
2020-01-25,307,0,307
2020-01-26,306,0,306
2020-01-27,304,45,259
2020-01-28,305,0,305
2020-01-29,132,0,132
2020-01-30,224,0,224
2020-01-31,204,0,204
2020-02-01,194,0,194
2020-02-02,280,0,280
2020-02-03,273,0,273
2020-02-04,255,46,209
2020-02-05,288,0,288
2020-02-06,247,0,247
2020-02-07,263,34,229
2020-02-08,223,0,223
2020-02-09,238,14,224
2020-02-10,280,0,280
2020-02-11,294,0,294
2020-02-12,285,0,285
2020-02-13,230,29,201
2020-02-14,321,17,304
2020-02-15,323,0,323
2020-02-16,402,120,282
2020-02-17,339,21,318
2020-02-18,299,49,250
2020-02-19,395,112,283
2020-02-20,326,0,326
2020-02-21,332,0,332
2020-02-22,452,88,364
2020-02-23,306,0,306
2020-02-24,345,2,343
2020-02-25,393,54,339
2020-02-26,427,46,381
2020-02-27,506,89,417
2020-02-28,503,76,427
2020-02-29,348,55,293
2020-03-01,350,0,350
2020-03-02,345,42,303
2020-03-03,357,18,339
2020-03-04,352,0,352
2020-03-05,405,74,331
2020-03-06,363,44,319
2020-03-07,379,7,372
2020-03-08,333,0,333
2020-03-09,285,0,285
2020-03-10,304,16,288
2020-03-11,345,31,314
2020-03-12,296,0,296
2020-03-13,315,67,248
2020-03-14,187,0,187
2020-03-15,205,0,205
2020-03-16,319,65,254
2020-03-17,173,0,173
2020-03-18,247,11,236
2020-03-19,222,0,222
2020-03-20,280,0,280
2020-03-21,275,87,188
2020-03-22,166,0,166
2020-03-23,342,113,229
2020-03-24,349,73,276
2020-03-25,319,21,298
2020-03-26,225,0,225
2020-03-27,296,9,287
2020-03-28,231,0,231
2020-03-29,414,160,254
2020-03-30,383,69,314
2020-03-31,454,125,329
2020-04-01,279,11,268
2020-04-02,426,90,336
2020-04-03,398,148,250
2020-04-04,405,81,324
2020-04-05,451,158,293
2020-04-06,374,62,312
2020-04-07,358,59,299
2020-04-08,533,157,376
2020-04-09,510,131,379
2020-04-10,526,195,331
2020-04-11,452,77,375
2020-04-12,596,226,370
2020-04-13,688,335,353
2020-04-14,662,220,442
2020-04-15,557,239,318
2020-04-16,612,264,348
2020-04-17,506,180,326
2020-04-18,634,314,320
2020-04-19,567,232,335
2020-04-20,621,312,309
2020-04-21,696,418,278
2020-04-22,650,341,309
2020-04-23,769,426,343
2020-04-24,801,476,325
2020-04-25,752,464,288
2020-04-26,649,407,242
2020-04-27,758,486,272
2020-04-28,929,627,302
2020-04-29,755,455,300
2020-04-30,832,570,262
2020-05-01,815,585,230
2020-05-02,881,647,234
2020-05-03,978,707,271
2020-05-04,1046,779,267
2020-05-05,885,714,171
2020-05-06,1067,798,269
2020-05-07,1086,811,275
2020-05-08,1053,838,215
2020-05-09,1040,815,225
2020-05-10,1053,822,231
2020-05-11,1085,844,241
2020-05-12,1107,888,219
2020-05-13,1264,968,296
2020-05-14,1276,1016,260
2020-05-15,1315,1018,297
2020-05-16,1286,998,288
2020-05-17,1466,1139,327
2020-05-18,1429,1145,284
2020-05-19,1414,1072,342
2020-05-20,1421,1067,354
2020-05-21,1509,1131,378
2020-05-22,1631,1203,428
2020-05-23,1441,1171,270
2020-05-24,1564,1194,370
2020-05-25,1497,1166,331
2020-05-26,1491,1208,283
2020-05-27,1662,1269,393
2020-05-28,1596,1184,412
2020-05-29,1546,1206,340
2020-05-30,1573,1213,360
2020-05-31,1558,1213,345
2020-06-01,1485,1126,359
2020-06-02,1468,1098,370
2020-06-03,1476,1134,342
2020-06-04,1519,1185,334
2020-06-05,1557,1194,363
2020-06-06,1425,1127,298
2020-06-07,1542,1209,333
2020-06-08,1373,1118,255
2020-06-09,1453,1109,344
2020-06-10,1381,1080,301
2020-06-11,1325,1076,249
2020-06-12,1257,1083,174
2020-06-13,1312,1059,253
2020-06-14,1158,957,201
2020-06-15,1310,1054,256
2020-06-16,1198,898,300
2020-06-17,1177,930,247
2020-06-18,1118,885,233
2020-06-19,1074,819,255
2020-06-20,1094,840,254
2020-06-21,930,778,152
2020-06-22,1050,790,260
2020-06-23,1057,777,280
2020-06-24,1052,801,251
2020-06-25,1021,714,307
2020-06-26,909,639,270
2020-06-27,935,621,314
2020-06-28,1002,619,383
2020-06-29,885,589,296
2020-06-30,860,629,231
2020-07-01,902,599,303
2020-07-02,739,484,255
2020-07-03,805,449,356
2020-07-04,714,323,391
2020-07-05,770,398,372
2020-07-06,715,352,363
2020-07-07,688,360,328
2020-07-08,795,375,420
2020-07-09,732,343,389
2020-07-10,682,311,371
2020-07-11,671,303,368
2020-07-12,630,267,363
2020-07-13,639,265,374
2020-07-14,403,76,327
2020-07-15,615,207,408
2020-07-16,547,199,348
2020-07-17,532,173,359
2020-07-18,476,165,311
2020-07-19,534,198,336
2020-07-20,341,120,221
2020-07-21,507,248,259
2020-07-22,456,161,295
2020-07-23,351,116,235
2020-07-24,473,96,377
2020-07-25,298,93,205
2020-07-26,322,43,279
2020-07-27,402,77,325
2020-07-28,360,88,272
2020-07-29,332,96,236
2020-07-30,312,90,222
2020-07-31,311,42,269
2020-08-01,208,0,208
2020-08-02,247,12,235
2020-08-03,390,121,269
2020-08-04,313,82,231
2020-08-05,302,52,250
2020-08-06,238,0,238
2020-08-07,244,27,217
2020-08-08,309,0,309
2020-08-09,324,0,324
2020-08-10,270,7,263
2020-08-11,273,0,273
2020-08-12,348,63,285
2020-08-13,322,0,322
2020-08-14,272,0,272
2020-08-15,313,0,313
2020-08-16,335,0,335
2020-08-17,372,15,357
2020-08-18,227,0,227
2020-08-19,405,44,361
2020-08-20,364,0,364
2020-08-21,403,9,394
2020-08-22,357,21,336
2020-08-23,338,0,338
2020-08-24,463,55,408
2020-08-25,297,0,297
2020-08-26,456,33,423
2020-08-27,458,0,458
2020-08-28,388,17,371
2020-08-29,397,17,380
2020-08-30,297,15,282
2020-08-31,307,0,307
2020-09-01,394,24,370
2020-09-02,335,0,335
2020-09-03,339,34,305
2020-09-04,314,0,314
2020-09-05,316,0,316
2020-09-06,297,21,276
2020-09-07,375,97,278
2020-09-08,315,45,270
2020-09-09,223,0,223
2020-09-10,271,0,271
2020-09-11,367,42,325
2020-09-12,319,2,317
2020-09-13,221,36,185
2020-09-14,278,13,265
2020-09-15,276,9,267
2020-09-16,381,157,224
2020-09-17,211,9,202
2020-09-18,193,3,190
2020-09-19,234,6,228
2020-09-20,264,0,264
2020-09-21,313,64,249
2020-09-22,237,0,237
2020-09-23,268,50,218
2020-09-24,325,35,290
2020-09-25,410,84,326
2020-09-26,301,46,255
2020-09-27,318,0,318
2020-09-28,233,0,233
2020-09-29,394,104,290
2020-09-30,361,7,354
2020-10-01,287,0,287
2020-10-02,326,12,314
2020-10-03,514,113,401
2020-10-04,320,0,320
2020-10-05,336,16,320
2020-10-06,412,32,380
2020-10-07,446,9,437
2020-10-08,369,19,350
2020-10-09,399,9,390
2020-10-10,482,70,412
2020-10-11,452,83,369
2020-10-12,417,76,341
2020-10-13,349,37,312
2020-10-14,477,192,285
2020-10-15,454,74,380
2020-10-16,501,166,335
2020-10-17,485,111,374
2020-10-18,563,211,352
2020-10-19,519,239,280
2020-10-20,411,163,248
2020-10-21,430,126,304
2020-10-22,528,274,254
2020-10-23,638,351,287
2020-10-24,531,296,235
2020-10-25,527,303,224
2020-10-26,604,357,247
2020-10-27,662,377,285
2020-10-28,577,320,257
2020-10-29,642,353,289
2020-10-30,633,442,191
2020-10-31,629,431,198
2020-11-01,769,532,237
2020-11-02,790,460,330
2020-11-03,836,563,273
2020-11-04,782,574,208
2020-11-05,835,583,252
2020-11-06,952,682,270
2020-11-07,938,693,245
2020-11-08,945,645,300
2020-11-09,1042,765,277
2020-11-10,1120,840,280
2020-11-11,1155,805,350
2020-11-12,1080,840,240
2020-11-13,1140,862,278
2020-11-14,1230,938,292
2020-11-15,1315,1017,298
2020-11-16,1296,987,309
2020-11-17,1371,1007,364
2020-11-18,1496,1102,394
2020-11-19,1491,1100,391
2020-11-20,1559,1243,316
2020-11-21,1600,1245,355
2020-11-22,1606,1228,378
2020-11-23,1717,1348,369
2020-11-24,1816,1406,410
2020-11-25,1817,1488,329
2020-11-26,1867,1509,358
2020-11-27,1992,1660,332
2020-11-28,1943,1591,352
2020-11-29,1956,1664,292
2020-11-30,2003,1712,291
2020-12-01,2043,1752,291
2020-12-02,2112,1822,290
2020-12-03,2256,1890,366
2020-12-04,2321,1978,343
2020-12-05,2157,1878,279
2020-12-06,2262,1976,286
2020-12-07,2231,2023,208
2020-12-08,2393,2135,258
2020-12-09,2376,2111,265
2020-12-10,2373,2074,299
2020-12-11,2472,2211,261
2020-12-12,2502,2240,262
2020-12-13,2539,2285,254
2020-12-14,2507,2256,251
2020-12-15,2607,2423,184
2020-12-16,2573,2349,224
2020-12-17,2681,2381,300
2020-12-18,2647,2368,279
2020-12-19,2656,2386,270
2020-12-20,2647,2389,258
2020-12-21,2734,2446,288
2020-12-22,2660,2430,230
2020-12-23,2802,2590,212
2020-12-24,2668,2400,268
2020-12-25,2755,2442,313
2020-12-26,2784,2480,304
2020-12-27,2881,2532,349
2020-12-28,2805,2474,331
2020-12-29,2847,2521,326
2020-12-30,2814,2429,385
2020-12-31,2852,2468,384
2021-01-01,2879,2538,341
2021-01-02,2690,2384,306
2021-01-03,2752,2434,318
2021-01-04,2751,2400,351
2021-01-05,2596,2252,344
2021-01-06,2734,2308,426
2021-01-07,2656,2364,292
2021-01-08,2639,2283,356
2021-01-09,2494,2181,313
2021-01-10,2598,2241,357
2021-01-11,2508,2145,363
2021-01-12,2472,2147,325
2021-01-13,2463,2107,356
2021-01-14,2310,1990,320
2021-01-15,2354,2041,313
2021-01-16,2202,1906,296
2021-01-17,2175,1845,330
2021-01-18,2120,1819,301
2021-01-19,2148,1798,350
2021-01-20,2102,1772,330
2021-01-21,1973,1679,294
2021-01-22,1883,1705,178
2021-01-23,1829,1630,199
2021-01-24,1824,1532,292
2021-01-25,1790,1561,229
2021-01-26,1778,1524,254
2021-01-27,1627,1410,217
2021-01-28,1615,1354,261
2021-01-29,1505,1227,278
2021-01-30,1438,1245,193
2021-01-31,1412,1202,210
2021-02-01,1361,1181,180
2021-02-02,1372,1112,260
2021-02-03,1275,1086,189
2021-02-04,1351,1104,247
2021-02-05,1245,956,289
2021-02-06,1272,914,358
2021-02-07,1128,830,298
2021-02-08,1194,852,342
2021-02-09,1170,860,310
2021-02-10,1005,684,321
2021-02-11,1007,699,308
2021-02-12,1006,697,309
2021-02-13,1080,701,379
2021-02-14,997,643,354
2021-02-15,964,606,358
2021-02-16,870,545,325
2021-02-17,889,549,340
2021-02-18,985,545,440
2021-02-19,736,380,356
2021-02-20,887,474,413
2021-02-21,745,406,339
2021-02-22,749,359,390
2021-02-23,606,239,367
2021-02-24,605,269,336
2021-02-25,774,401,373
2021-02-26,541,261,280
2021-02-27,579,221,358
2021-02-28,594,234,360
2021-03-01,533,202,331
2021-03-02,594,229,365
2021-03-03,583,282,301
2021-03-04,452,162,290
2021-03-05,487,185,302
2021-03-06,421,107,314
2021-03-07,523,228,295
2021-03-08,406,150,256
2021-03-09,294,75,219
2021-03-10,444,165,279
2021-03-11,386,170,216
2021-03-12,321,109,212
2021-03-13,227,11,216
2021-03-14,417,174,243
2021-03-15,302,94,208
2021-03-16,325,130,195
2021-03-17,255,38,217
2021-03-18,279,40,239
2021-03-19,328,60,268
2021-03-20,363,105,258
2021-03-21,270,52,218
2021-03-22,277,0,277
2021-03-23,339,50,289
2021-03-24,380,115,265
2021-03-25,294,34,260
2021-03-26,302,34,268
2021-03-27,287,0,287
2021-03-28,405,0,405
2021-03-29,289,0,289
2021-03-30,344,2,342
2021-03-31,332,22,310
2021-04-01,347,23,324
2021-04-02,415,94,321
2021-04-03,401,15,386
2021-04-04,436,64,372
2021-04-05,362,8,354
2021-04-06,461,81,380
2021-04-07,389,0,389
2021-04-08,324,0,324
2021-04-09,433,55,378
2021-04-10,323,0,323
2021-04-11,432,51,381
2021-04-12,395,24,371
2021-04-13,402,51,351
2021-04-14,354,34,320
2021-04-15,336,37,299
2021-04-16,379,77,302
2021-04-17,387,52,335
2021-04-18,321,52,269
2021-04-19,293,3,290
2021-04-20,210,0,210
2021-04-21,282,0,282
2021-04-22,262,39,223
2021-04-23,206,0,206
2021-04-24,273,0,273
2021-04-25,256,0,256
2021-04-26,227,0,227
2021-04-27,230,0,230
2021-04-28,395,64,331
2021-04-29,263,31,232
2021-04-30,333,100,233
2021-05-01,323,54,269
2021-05-02,302,52,250
2021-05-03,403,113,290
2021-05-04,267,0,267
2021-05-05,292,0,292
2021-05-06,286,0,286
2021-05-07,301,0,301
2021-05-08,282,0,282
2021-05-09,301,0,301
2021-05-10,318,29,289
2021-05-11,359,26,333
2021-05-12,263,0,263
2021-05-13,369,16,353
2021-05-14,372,0,372
2021-05-15,406,38,368
2021-05-16,344,4,340
2021-05-17,370,0,370
2021-05-18,370,47,323
2021-05-19,454,63,391
2021-05-20,382,67,315
2021-05-21,384,0,384
2021-05-22,381,0,381
2021-05-23,374,0,374
2021-05-24,338,0,338
2021-05-25,403,21,382
2021-05-26,274,0,274
2021-05-27,470,97,373
2021-05-28,343,0,343
2021-05-29,370,0,370
2021-05-30,358,29,329
2021-05-31,395,9,386
2021-06-01,296,29,267
2021-06-02,337,17,320
2021-06-03,266,14,252
2021-06-04,274,0,274
2021-06-05,302,0,302
2021-06-06,290,0,290
2021-06-07,342,0,342
2021-06-08,239,0,239
2021-06-09,322,23,299
2021-06-10,267,33,234
2021-06-11,214,0,214
2021-06-12,213,38,175
2021-06-13,280,33,247
2021-06-14,247,27,220
2021-06-15,277,0,277
2021-06-16,252,27,225
2021-06-17,240,9,231
2021-06-18,324,54,270
2021-06-19,425,95,330
2021-06-20,311,86,225
2021-06-21,329,13,316
2021-06-22,326,8,318
2021-06-23,323,40,283
2021-06-24,327,0,327
2021-06-25,297,0,297
2021-06-26,411,0,411
2021-06-27,393,73,320
2021-06-28,335,0,335
2021-06-29,415,89,326
2021-06-30,277,0,277
2021-07-01,339,0,339
2021-07-02,374,11,363
2021-07-03,480,63,417
2021-07-04,396,17,379
2021-07-05,369,17,352
2021-07-06,379,17,362
2021-07-07,371,0,371
2021-07-08,425,85,340
2021-07-09,379,0,379
2021-07-10,497,85,412
2021-07-11,357,30,327
2021-07-12,473,89,384
2021-07-13,418,55,363
2021-07-14,378,36,342
2021-07-15,372,55,317
2021-07-16,318,0,318
2021-07-17,338,51,287
2021-07-18,501,140,361
2021-07-19,374,123,251
2021-07-20,329,12,317
2021-07-21,418,91,327
2021-07-22,327,82,245
2021-07-23,414,115,299
2021-07-24,338,84,254
2021-07-25,319,72,247
2021-07-26,395,156,239
2021-07-27,282,106,176
2021-07-28,426,164,262
2021-07-29,455,156,299
2021-07-30,313,98,215
2021-07-31,392,112,280
2021-08-01,471,224,247
2021-08-02,357,145,212
2021-08-03,406,105,301
2021-08-04,427,91,336
2021-08-05,453,209,244
2021-08-06,469,177,292
2021-08-07,373,139,234
2021-08-08,520,222,298
2021-08-09,534,206,328
2021-08-10,513,126,387
2021-08-11,637,250,387
2021-08-12,695,298,397
2021-08-13,689,372,317
2021-08-14,593,258,335
2021-08-15,564,281,283
2021-08-16,688,363,325
2021-08-17,603,304,299
2021-08-18,698,324,374
2021-08-19,626,294,332
2021-08-20,587,271,316
2021-08-21,746,402,344
2021-08-22,617,309,308
2021-08-23,810,446,364
2021-08-24,726,367,359
2021-08-25,767,438,329
2021-08-26,730,424,306
2021-08-27,795,520,275
2021-08-28,839,496,343
2021-08-29,920,598,322
2021-08-30,790,467,323
2021-08-31,846,562,284
2021-09-01,844,565,279
2021-09-02,935,598,337
2021-09-03,934,686,248
2021-09-04,910,658,252
2021-09-05,883,595,288
2021-09-06,967,702,265
2021-09-07,845,679,166
2021-09-08,877,700,177
2021-09-09,1016,801,215
2021-09-10,1020,743,277
2021-09-11,1047,780,267
2021-09-12,1088,826,262
2021-09-13,1165,897,268
2021-09-14,1112,905,207
2021-09-15,1165,891,274
2021-09-16,1135,916,219
2021-09-17,1197,898,299
2021-09-18,1193,945,248
2021-09-19,1264,977,287
2021-09-20,1238,1030,208
2021-09-21,1402,1164,238
2021-09-22,1402,1058,344
2021-09-23,1440,1104,336
2021-09-24,1312,1044,268
2021-09-25,1580,1204,376
2021-09-26,1410,1122,288
2021-09-27,1521,1182,339
2021-09-28,1631,1306,325
2021-09-29,1489,1176,313
2021-09-30,1713,1312,401
2021-10-01,1797,1373,424
2021-10-02,1801,1435,366
2021-10-03,1759,1338,421
2021-10-04,1726,1378,348
2021-10-05,1887,1524,363
2021-10-06,1817,1456,361
2021-10-07,1750,1444,306
2021-10-08,1835,1468,367
2021-10-09,1847,1477,370
2021-10-10,1853,1525,328
2021-10-11,1883,1623,260
2021-10-12,1968,1633,335
2021-10-13,1801,1549,252
2021-10-14,1909,1637,272
2021-10-15,1925,1624,301
2021-10-16,1958,1701,257
2021-10-17,1960,1670,290
2021-10-18,1975,1712,263
2021-10-19,1899,1699,200
2021-10-20,1876,1611,265
2021-10-21,2012,1736,276
2021-10-22,1970,1681,289
2021-10-23,2022,1792,230
2021-10-24,1969,1730,239
2021-10-25,1923,1742,181
2021-10-26,2098,1779,319
2021-10-27,2116,1815,301
2021-10-28,2025,1783,242
2021-10-29,2118,1877,241
2021-10-30,2013,1880,133
2021-10-31,2182,1885,297
2021-11-01,2072,1788,284
2021-11-02,2026,1725,301
2021-11-03,2118,1859,259
2021-11-04,2039,1774,265
2021-11-05,2035,1793,242
2021-11-06,2148,1817,331
2021-11-07,2058,1700,358
2021-11-08,2215,1854,361
2021-11-09,2140,1808,332
2021-11-10,2092,1773,319
2021-11-11,2085,1789,296
2021-11-12,2078,1761,317
2021-11-13,2095,1727,368
2021-11-14,2035,1692,343
2021-11-15,2079,1656,423
2021-11-16,2097,1692,405
2021-11-17,2016,1680,336
2021-11-18,2010,1699,311
2021-11-19,1973,1637,336
2021-11-20,1963,1565,398
2021-11-21,1841,1510,331
2021-11-22,1931,1562,369
2021-11-23,1865,1546,319
2021-11-24,1870,1521,349
2021-11-25,1776,1427,349
2021-11-26,1894,1534,360
2021-11-27,1881,1511,370
2021-11-28,1749,1392,357
2021-11-29,1724,1449,275
2021-11-30,1714,1432,282
2021-12-01,1594,1361,233
2021-12-02,1548,1286,262
2021-12-03,1654,1388,266
2021-12-04,1542,1300,242
2021-12-05,1475,1242,233
2021-12-06,1555,1266,289
2021-12-07,1563,1282,281
2021-12-08,1407,1149,258
2021-12-09,1370,1181,189
2021-12-10,1464,1216,248
2021-12-11,1262,1036,226
2021-12-12,1333,1037,296
2021-12-13,1181,1007,174
2021-12-14,1230,1002,228
2021-12-15,1204,972,232
2021-12-16,1214,971,243
2021-12-17,1195,888,307
2021-12-18,1053,871,182
2021-12-19,1166,891,275
2021-12-20,1184,858,326
2021-12-21,1207,868,339
2021-12-22,1105,819,286
2021-12-23,1101,812,289
2021-12-24,1029,691,338
2021-12-25,1042,704,338
2021-12-26,1133,792,341
2021-12-27,888,695,193
2021-12-28,994,689,305
2021-12-29,962,643,319
2021-12-30,1011,628,383
2021-12-31,874,573,301
2022-01-01,1059,741,318
2022-01-02,875,522,353
2022-01-03,826,519,307
2022-01-04,760,379,381
2022-01-05,872,536,336
2022-01-06,855,434,421
2022-01-07,756,440,316
2022-01-08,710,398,312
2022-01-09,760,400,360
2022-01-10,669,375,294
2022-01-11,743,370,373
2022-01-12,678,354,324
2022-01-13,617,333,284
2022-01-14,598,317,281
2022-01-15,770,376,394
2022-01-16,631,340,291
2022-01-17,598,327,271
2022-01-18,485,232,253
2022-01-19,613,319,294
2022-01-20,487,300,187
2022-01-21,441,204,237
2022-01-22,424,296,128
2022-01-23,394,175,219
2022-01-24,380,106,274
2022-01-25,539,243,296
2022-01-26,439,172,267
2022-01-27,490,218,272
2022-01-28,304,122,182
2022-01-29,316,88,228
2022-01-30,525,205,320
2022-01-31,312,65,247
2022-02-01,320,50,270
2022-02-02,275,24,251
2022-02-03,254,0,254
2022-02-04,336,55,281
2022-02-05,282,0,282
2022-02-06,448,93,355
2022-02-07,333,0,333
2022-02-08,402,29,373
2022-02-09,479,196,283
2022-02-10,486,92,394
2022-02-11,423,72,351
2022-02-12,428,0,428
2022-02-13,404,49,355
2022-02-14,359,60,299
2022-02-15,411,0,411
2022-02-16,411,57,354
2022-02-17,379,107,272
2022-02-18,388,27,361
2022-02-19,392,31,361
2022-02-20,390,0,390
2022-02-21,198,0,198
2022-02-22,467,86,381
2022-02-23,309,0,309
2022-02-24,398,0,398
2022-02-25,244,0,244
2022-02-26,348,22,326
2022-02-27,312,0,312
2022-02-28,299,28,271
2022-03-01,249,0,249
2022-03-02,314,57,257
2022-03-03,251,0,251
2022-03-04,290,82,208
2022-03-05,306,14,292
2022-03-06,204,0,204
2022-03-07,343,58,285
2022-03-08,170,0,170
2022-03-09,233,0,233
2022-03-10,244,10,234
2022-03-11,243,3,240
2022-03-12,281,0,281
2022-03-13,238,0,238
2022-03-14,248,16,232
2022-03-15,247,0,247
2022-03-16,370,69,301
2022-03-17,250,30,220
2022-03-18,235,0,235
2022-03-19,205,0,205
2022-03-20,470,97,373
2022-03-21,305,51,254
2022-03-22,256,23,233
2022-03-23,284,0,284
2022-03-24,385,85,300
2022-03-25,445,55,390
2022-03-26,320,0,320
2022-03-27,356,0,356
2022-03-28,278,0,278
2022-03-29,362,0,362
2022-03-30,291,0,291
2022-03-31,387,40,347
2022-04-01,330,0,330
2022-04-02,362,0,362
2022-04-03,391,7,384
2022-04-04,308,6,302
2022-04-05,307,0,307
2022-04-06,355,0,355
2022-04-07,424,55,369
2022-04-08,392,0,392
2022-04-09,360,51,309
2022-04-10,261,0,261
2022-04-11,375,55,320
2022-04-12,272,0,272
2022-04-13,259,0,259
2022-04-14,387,43,344
2022-04-15,304,0,304
2022-04-16,316,73,243
2022-04-17,309,45,264
2022-04-18,255,0,255
2022-04-19,259,0,259
2022-04-20,233,1,232
2022-04-21,178,10,168
2022-04-22,203,0,203
2022-04-23,261,42,219
2022-04-24,241,0,241
2022-04-25,198,0,198
2022-04-26,250,0,250
2022-04-27,243,12,231
2022-04-28,220,0,220
2022-04-29,212,7,205
2022-04-30,417,138,279
2022-05-01,285,0,285
2022-05-02,308,0,308
2022-05-03,305,0,305
2022-05-04,320,3,317
2022-05-05,315,0,315
2022-05-06,238,0,238
2022-05-07,313,8,305
2022-05-08,267,0,267
2022-05-09,395,8,387
2022-05-10,353,15,338
2022-05-11,395,0,395
2022-05-12,309,0,309
2022-05-13,350,0,350
2022-05-14,447,79,368
2022-05-15,363,17,346
2022-05-16,367,0,367
2022-05-17,419,0,419
2022-05-18,374,57,317
2022-05-19,250,0,250
2022-05-20,433,17,416
2022-05-21,392,76,316
2022-05-22,387,0,387
2022-05-23,361,0,361
2022-05-24,320,0,320
2022-05-25,407,71,336
2022-05-26,272,5,267
2022-05-27,308,0,308
2022-05-28,369,49,320
2022-05-29,307,50,257
2022-05-30,264,0,264
2022-05-31,284,0,284
2022-06-01,318,0,318
2022-06-02,258,0,258
2022-06-03,235,0,235
2022-06-04,242,0,242
2022-06-05,384,93,291
2022-06-06,219,3,216
2022-06-07,228,0,228
2022-06-08,286,71,215
2022-06-09,241,8,233
2022-06-10,286,35,251
2022-06-11,321,34,287
2022-06-12,180,15,165
2022-06-13,304,26,278
2022-06-14,238,12,226
2022-06-15,292,0,292
2022-06-16,343,18,325
2022-06-17,374,51,323
2022-06-18,298,0,298
2022-06-19,361,28,333
2022-06-20,292,21,271
2022-06-21,405,91,314
2022-06-22,385,0,385
2022-06-23,300,0,300
2022-06-24,346,0,346
2022-06-25,330,0,330
2022-06-26,342,0,342
2022-06-27,370,0,370
2022-06-28,361,15,346
2022-06-29,359,0,359
2022-06-30,340,0,340
